val_loss,val_mean_absolute_percentage_error,loss,mean_absolute_percentage_error
0.015842764454391502,1448357.8125689353,0.016243497012709197,1487852.8492946655
0.015825931387811385,1407270.883010082,0.015755454471513143,1475319.8897471966
0.015900838863895567,1329551.2022720475,0.015726851797982517,1478819.0433978024
0.01585392924756569,1360905.1625172824,0.015699979721403155,1475161.7247137842
0.015856693624428823,1462156.9896970927,0.015684106884764133,1476523.8815998412
